datetime,low,high,open,close,volumefrom,volumeto
2021-03-18,1.216,1.88,1.54,1.23,106629898.55,148469055.33
2021-03-19,1.181,1.396,1.23,1.308,166658507.55,218536555.2
2021-03-20,1.2,1.345,1.308,1.201,117215963.52,148457227.06
2021-03-21,1.161,1.246,1.201,1.188,49064362.4,59207915.49
2021-03-22,1.07,1.208,1.188,1.103,71469938.31,82556817.37
2021-03-23,1.082,1.174,1.103,1.118,62878652.02,71047483.57
2021-03-24,1.04,1.169,1.118,1.067,59889836.59,66744994.32
2021-03-25,1.044,1.155,1.067,1.096,71377242.16,78713272.74
2021-03-26,1.094,1.287,1.096,1.214,73745757.07,88368932.43
2021-03-27,1.157,1.242,1.214,1.177,47923717.62,57144553.64
2021-03-28,1.167,1.219,1.177,1.19,39099166.73,46378893.29
2021-03-29,1.178,1.229,1.19,1.203,43471602.2,52277539.02
2021-03-30,1.189,1.236,1.203,1.214,45176667.11,54841776.88
2021-03-31,1.153,1.214,1.214,1.193,45494567.33,54098284.59
2021-04-01,1.171,1.208,1.193,1.184,36842053.16,43863629.28
2021-04-02,1.18,1.245,1.184,1.191,45706769.96,54976083.56
2021-04-03,1.161,1.241,1.191,1.164,51681666.91,62373853.38
2021-04-04,1.152,1.194,1.164,1.182,25061193.73,29511893.63
2021-04-05,1.161,1.226,1.182,1.212,43263805.66,51567999.1
2021-04-06,1.191,1.342,1.212,1.257,91644956.18,115367686.98
2021-04-07,1.16,1.291,1.257,1.175,60930156.15,73864827.47
2021-04-08,1.17,1.229,1.175,1.22,34901048.37,42043847.96
2021-04-09,1.192,1.23,1.22,1.203,36252890.19,43831643.08
2021-04-10,1.195,1.252,1.203,1.218,43156667.15,52603404.64
2021-04-11,1.199,1.29,1.218,1.265,60569061.79,75589170.5
2021-04-12,1.264,1.348,1.265,1.315,81402849.96,106244766.09
2021-04-13,1.283,1.437,1.315,1.414,104171409.13,143135910.53
2021-04-14,1.349,1.559,1.414,1.451,178796472.0,260242289.78
2021-04-15,1.411,1.498,1.451,1.48,86951329.97,127296379.95
2021-04-16,1.34,1.522,1.48,1.413,123840398.92,176270979.62
2021-04-17,1.36,1.46,1.413,1.377,68299999.39,96154167.92
2021-04-18,1.13,1.392,1.377,1.28,162318050.41,203592130.11
2021-04-19,1.17,1.328,1.28,1.196,89753007.84,111292235.4
2021-04-20,1.124,1.284,1.196,1.269,102388440.7,121820228.24
2021-04-21,1.196,1.289,1.269,1.204,74010116.31,92348313.1
2021-04-22,1.12,1.28,1.204,1.146,102691576.41,123464827.43
2021-04-23,0.991,1.169,1.146,1.16,192087824.74,207228649.32
2021-04-24,1.094,1.198,1.16,1.105,64659652.49,73531006.83
2021-04-25,1.02,1.148,1.105,1.093,51403665.39,56408756.31
2021-04-26,1.081,1.254,1.093,1.239,74614548.83,89907546.78
2021-04-27,1.224,1.336,1.239,1.308,67635192.94,87090839.51
2021-04-28,1.235,1.35,1.308,1.338,71375907.51,93466983.44
2021-04-29,1.268,1.412,1.338,1.308,93375810.98,124861266.36
2021-04-30,1.289,1.372,1.308,1.356,55481173.69,74436337.95
2021-05-01,1.31,1.37,1.356,1.354,43727458.37,58713843.92
2021-05-02,1.296,1.357,1.354,1.328,31208763.9,41520088.83
2021-05-03,1.322,1.382,1.328,1.363,55646914.49,75331737.6
2021-05-04,1.258,1.368,1.363,1.272,85924216.57,112272015.09
2021-05-05,1.261,1.5,1.272,1.483,144130204.41,201962331.45
2021-05-06,1.43,1.705,1.483,1.65,239367347.32,380492132.05
2021-05-07,1.53,1.75,1.65,1.655,145956278.22,241312499.83
2021-05-08,1.565,1.657,1.655,1.625,85188457.28,137389757.85
2021-05-09,1.577,1.836,1.625,1.77,164919497.48,288240463.52
2021-05-10,1.535,1.827,1.77,1.645,171487064.36,295441559.13
2021-05-11,1.598,1.78,1.645,1.766,142822962.06,243031390.13
2021-05-12,1.54,1.823,1.766,1.567,161593956.04,279302813.2
2021-05-13,1.5,2.1,1.567,1.956,399304513.8,742583654.36
2021-05-14,1.814,2.046,1.956,2.011,194638498.66,373553199.37
2021-05-15,1.967,2.49,2.011,2.193,380636022.42,848796698.95
2021-05-16,2.002,2.47,2.193,2.31,323707586.74,722503185.43
2021-05-17,1.91,2.332,2.31,2.032,332519168.32,694753566.02
2021-05-18,1.976,2.152,2.032,2.005,177523325.9,363765560.06
2021-05-19,1.05,2.031,2.005,1.492,708126731.14,1163589466.91
2021-05-20,1.333,1.97,1.492,1.806,335512736.93,572521015.07
2021-05-21,1.317,1.874,1.806,1.552,307315756.9,487344287.62
2021-05-22,1.367,1.601,1.552,1.465,155738930.97,232942258.19
2021-05-23,1.06,1.54,1.465,1.318,362911913.98,453237067.19
2021-05-24,1.259,1.6,1.318,1.55,255961229.19,375126335.99
2021-05-25,1.437,1.65,1.55,1.555,193646460.6,298618740.86
2021-05-26,1.554,1.833,1.555,1.781,224330520.17,383871034.24
2021-05-27,1.61,1.79,1.781,1.657,128226844.71,216746544.06
2021-05-28,1.45,1.68,1.657,1.514,196815539.95,303456641.96
2021-05-29,1.336,1.562,1.514,1.405,156390351.21,223754379.69
2021-05-30,1.347,1.7,1.405,1.577,165291552.44,260220176.19
2021-05-31,1.526,1.75,1.577,1.739,142200899.37,231965747.43
2021-06-01,1.654,1.78,1.739,1.735,108468694.75,187214508.96
2021-06-02,1.718,1.805,1.735,1.754,99433219.87,175807229.52
2021-06-03,1.711,1.889,1.754,1.846,80171317.73,145619811.14
2021-06-04,1.608,1.848,1.846,1.708,130381989.09,223286747.35
2021-06-05,1.6,1.783,1.708,1.657,74308251.02,125340477.71
2021-06-06,1.647,1.708,1.657,1.678,35246659.42,59036955.11
2021-06-07,1.55,1.744,1.678,1.567,73337180.02,121881046.35
2021-06-08,1.4,1.597,1.567,1.584,152186504.49,229991087.31
2021-06-09,1.483,1.635,1.584,1.628,94447813.98,147773528.94
2021-06-10,1.507,1.64,1.628,1.532,56041433.06,87508008.27
2021-06-11,1.42,1.548,1.532,1.438,63235405.02,94060131.6
2021-06-12,1.357,1.494,1.438,1.478,66739516.18,94884958.33
2021-06-13,1.401,1.582,1.478,1.557,56488386.02,84326167.65
2021-06-14,1.506,1.596,1.557,1.577,58934752.29,91589093.62
2021-06-15,1.541,1.613,1.577,1.554,43268476.61,68023194.02
2021-06-16,1.474,1.575,1.554,1.485,42216624.64,64084919.86
2021-06-17,1.456,1.539,1.485,1.482,38146906.04,57007820.92
2021-06-18,1.375,1.492,1.482,1.417,56431542.0,80427140.85
2021-06-19,1.384,1.442,1.417,1.384,27690555.42,39151004.27
2021-06-20,1.306,1.459,1.384,1.425,52741515.38,72759839.49
2021-06-21,1.162,1.436,1.425,1.173,136821614.91,175440015.88
2021-06-22,1.001,1.268,1.173,1.159,256341174.88,290901227.47
2021-06-23,1.109,1.31,1.159,1.251,98816704.27,122168401.56
2021-06-24,1.201,1.4,1.251,1.36,81898737.2,108949375.02
2021-06-25,1.241,1.396,1.36,1.253,96273190.11,126287052.98
2021-06-26,1.2,1.292,1.253,1.252,52812119.45,65392154.93
2021-06-27,1.242,1.35,1.252,1.337,46886100.19,60194111.82
2021-06-28,1.304,1.35,1.337,1.326,40116253.34,53256251.76
2021-06-29,1.32,1.422,1.326,1.374,68003255.4,93299060.93
2021-06-30,1.283,1.402,1.374,1.386,66647477.56,89697668.64
2021-07-01,1.303,1.387,1.386,1.333,54875277.14,73373324.03
2021-07-02,1.285,1.396,1.333,1.396,51154356.54,68831376.51
2021-07-03,1.359,1.444,1.396,1.405,34164318.81,48080964.9
2021-07-04,1.383,1.496,1.405,1.462,37514949.91,54177479.42
2021-07-05,1.377,1.462,1.462,1.404,34915915.87,49380785.49
2021-07-06,1.39,1.458,1.404,1.416,32754877.29,46547889.31
2021-07-07,1.4,1.441,1.416,1.405,25513143.01,36314494.83
2021-07-08,1.319,1.407,1.405,1.328,41731437.17,56972067.44
2021-07-09,1.287,1.374,1.328,1.351,28242494.1,37644453.35
2021-07-10,1.318,1.367,1.351,1.336,17621141.38,23575535.0
2021-07-11,1.323,1.367,1.336,1.349,12144955.48,16317518.47
2021-07-12,1.292,1.375,1.349,1.313,28271194.5,37547516.17
2021-07-13,1.25,1.32,1.313,1.265,35858899.21,45996819.94
2021-07-14,1.2,1.29,1.265,1.263,42078895.4,52402092.42
2021-07-15,1.205,1.29,1.263,1.225,32011573.07,39477541.6
2021-07-16,1.166,1.245,1.225,1.171,36764908.57,44043003.06
2021-07-17,1.15,1.195,1.171,1.173,30405851.74,35555824.54
2021-07-18,1.167,1.219,1.173,1.181,20200233.78,24089620.22
2021-07-19,1.116,1.192,1.181,1.123,38648629.01,44092610.08
2021-07-20,1.025,1.137,1.123,1.056,98525522.0,104760547.37
2021-07-21,1.038,1.226,1.056,1.17,66938417.44,76602550.45
2021-07-22,1.15,1.209,1.17,1.186,32116111.23,37867574.38
2021-07-23,1.147,1.209,1.186,1.208,36324696.85,42854501.24
2021-07-24,1.197,1.25,1.208,1.234,34390284.2,41950309.34
2021-07-25,1.191,1.24,1.234,1.23,28443588.83,34587362.19
2021-07-26,1.223,1.4,1.23,1.255,115636387.82,152469363.48
2021-07-27,1.214,1.317,1.255,1.281,52675836.61,66451662.87
2021-07-28,1.258,1.318,1.281,1.288,40861648.82,52560993.25
2021-07-29,1.258,1.299,1.288,1.286,31226192.1,39951405.7
2021-07-30,1.249,1.318,1.286,1.312,38470605.37,49542171.84
2021-07-31,1.289,1.334,1.312,1.321,34119650.08,44794502.43
2021-08-01,1.3,1.389,1.321,1.315,57500449.39,77769521.66
2021-08-02,1.294,1.35,1.315,1.308,40222130.7,53070570.36
2021-08-03,1.262,1.381,1.308,1.369,58786890.95,78624931.66
2021-08-04,1.323,1.393,1.369,1.377,47199002.42,64359339.79
2021-08-05,1.338,1.399,1.377,1.387,44487808.16,61169187.65
2021-08-06,1.362,1.426,1.387,1.403,51652205.51,71974749.03
2021-08-07,1.396,1.487,1.403,1.474,62478714.35,90495508.77
2021-08-08,1.407,1.495,1.474,1.427,49197827.67,71421452.71
2021-08-09,1.401,1.5,1.408,1.475,49845007.57,73073815.44
2021-08-10,1.458,1.701,1.475,1.679,108690970.98,172397613.9
2021-08-11,1.671,1.898,1.679,1.795,186190572.59,334757064.64
2021-08-12,1.68,1.869,1.795,1.835,126186423.62,223153374.46
2021-08-13,1.821,2.15,1.835,2.14,204158606.21,406546176.28
2021-08-14,2.084,2.25,2.14,2.191,149100069.68,322834436.54
2021-08-15,2.033,2.25,2.191,2.169,114561568.28,245614139.61
2021-08-16,2.047,2.197,2.169,2.072,92898354.27,197545987.44
2021-08-17,1.906,2.141,2.072,1.922,142090905.57,288974377.9
2021-08-18,1.87,2.165,1.922,2.105,150579336.22,307377983.17
2021-08-19,2.047,2.449,2.105,2.441,231715138.96,524438162.01
2021-08-20,2.371,2.583,2.441,2.457,213403082.28,529524901.91
2021-08-21,2.383,2.53,2.457,2.438,83566878.9,204909926.35
2021-08-22,2.433,2.724,2.438,2.711,137370430.32,354188072.84
2021-08-23,2.689,2.97,2.711,2.918,205530289.76,587307690.36
2021-08-24,2.59,2.95,2.918,2.721,214865359.92,595312651.47
2021-08-25,2.604,2.8,2.721,2.74,125820397.81,342660962.97
2021-08-26,2.47,2.785,2.74,2.53,166354030.14,430820454.06
2021-08-27,2.497,2.949,2.53,2.948,171368954.76,470468773.28
2021-08-28,2.776,2.95,2.948,2.849,91850259.82,261443954.15
2021-08-29,2.724,2.937,2.849,2.853,97761225.35,278472765.22
2021-08-30,2.724,2.887,2.853,2.737,104134629.16,292473889.56
2021-08-31,2.702,2.88,2.737,2.77,103616830.56,288357713.17
2021-09-01,2.724,2.905,2.77,2.871,93106392.22,263611239.83
2021-09-02,2.837,3.099,2.871,2.963,174404725.82,522015988.9
2021-09-03,2.905,3.033,2.963,2.968,108562868.22,321716960.04
2021-09-04,2.803,2.968,2.968,2.833,94344834.19,272598188.62
2021-09-05,2.825,2.959,2.833,2.913,75869971.48,219256746.36
2021-09-06,2.803,2.93,2.913,2.835,75221309.03,215099414.92
2021-09-07,2.003,2.877,2.835,2.524,297965943.24,754257761.24
2021-09-08,2.201,2.58,2.524,2.47,223549209.95,540672198.54
2021-09-09,2.385,2.623,2.47,2.518,171882337.7,434556606.67
2021-09-10,2.276,2.586,2.518,2.383,144088798.62,348947388.74
2021-09-11,2.368,2.8,2.383,2.636,190825761.72,503895126.44
2021-09-12,2.502,2.79,2.636,2.581,159624511.77,419446211.64
2021-09-13,2.311,2.593,2.581,2.402,162280395.27,393689011.53
2021-09-14,2.322,2.439,2.402,2.399,90458389.07,215841171.12
2021-09-15,2.358,2.586,2.399,2.505,106437990.87,264158439.39
2021-09-16,2.382,2.525,2.505,2.417,77420059.48,189377665.72
2021-09-17,2.314,2.442,2.417,2.351,64608540.92,153573401.34
2021-09-18,2.312,2.439,2.351,2.371,52301368.65,124570892.0
2021-09-19,2.261,2.397,2.371,2.283,46591040.23,108619228.28
2021-09-20,1.977,2.293,2.283,2.081,221220050.55,469063862.72
2021-09-21,1.911,2.229,2.081,1.987,184032524.6,381711488.59
2021-09-22,1.968,2.27,1.987,2.259,134026048.69,286567159.26
2021-09-23,2.181,2.348,2.259,2.328,81230892.43,182809566.9
2021-09-24,2.064,2.347,2.328,2.28,154185944.06,343248851.91
2021-09-25,2.238,2.46,2.28,2.302,117978527.5,278273474.21
2021-09-26,2.15,2.303,2.302,2.208,87377961.17,196040136.6
2021-09-27,2.13,2.277,2.208,2.13,74169033.67,163598381.1
2021-09-28,2.029,2.174,2.13,2.037,77478205.03,162602484.23
2021-09-29,2.02,2.144,2.037,2.066,81268939.05,168651536.75
2021-09-30,2.051,2.137,2.066,2.115,72676936.34,152543152.41
2021-10-01,2.093,2.275,2.115,2.255,78677327.7,173211161.61
2021-10-02,2.195,2.323,2.255,2.249,61071797.54,138277018.53
2021-10-03,2.222,2.309,2.249,2.253,53164687.88,120541231.33
2021-10-04,2.15,2.255,2.253,2.192,72870552.98,159785756.7
2021-10-05,2.178,2.259,2.192,2.233,70613041.24,156404997.82
2021-10-06,2.114,2.25,2.233,2.211,115023994.86,253080653.08
2021-10-07,2.151,2.375,2.211,2.278,131179316.77,297471277.34
2021-10-08,2.216,2.313,2.278,2.238,66663462.51,151181223.44
2021-10-09,2.22,2.3,2.238,2.269,66739629.89,151194756.1
2021-10-10,2.163,2.278,2.269,2.19,46387663.07,103477381.07
2021-10-11,2.11,2.25,2.19,2.171,70934929.76,155262052.04
2021-10-12,2.072,2.173,2.171,2.118,79959385.36,169436330.53
2021-10-13,2.081,2.199,2.118,2.189,64109787.11,136906422.91
2021-10-14,2.157,2.224,2.189,2.174,50017536.79,109355416.14
2021-10-15,2.136,2.243,2.174,2.217,100819537.98,221061460.37
2021-10-16,2.17,2.25,2.217,2.178,54967037.74,121506682.19
2021-10-17,2.092,2.19,2.178,2.159,45050996.35,96997356.57
2021-10-18,2.105,2.175,2.159,2.128,51016551.35,108940303.57
2021-10-19,2.092,2.157,2.128,2.109,52520828.75,111254460.58
2021-10-20,2.092,2.213,2.109,2.19,78588583.59,169866757.12
2021-10-21,2.009,2.299,2.19,2.137,120670124.83,267024091.77
2021-10-22,2.124,2.21,2.137,2.155,63802926.65,138065425.15
2021-10-23,2.132,2.174,2.155,2.166,36576209.22,78782618.94
2021-10-24,2.094,2.168,2.166,2.12,56798391.47,120685694.94
2021-10-25,2.114,2.178,2.12,2.145,58098871.57,124771986.46
2021-10-26,2.121,2.202,2.145,2.137,79278389.79,171705424.34
2021-10-27,1.848,2.155,2.137,1.911,220679960.09,438903483.03
2021-10-28,1.907,2.06,1.911,1.987,156808567.61,310480236.62
2021-10-29,1.98,2.048,1.987,2.015,100985186.19,202828957.85
2021-10-30,1.923,2.018,2.015,1.955,74192812.84,146359715.5
2021-10-31,1.919,2.03,1.955,1.967,83789756.3,164447250.93
2021-11-01,1.913,2.019,1.967,1.949,74166448.81,145031084.26
2021-11-02,1.935,1.997,1.949,1.972,76675009.73,150971858.05
2021-11-03,1.951,2.146,1.972,2.064,167766437.56,345951557.19
2021-11-04,1.938,2.11,2.064,1.983,95503283.76,192002124.2
2021-11-05,1.96,2.019,1.983,1.983,62053380.2,123193681.59
2021-11-06,1.944,2.042,1.983,2.006,57118833.7,113534715.72
2021-11-07,1.976,2.037,2.006,2.023,43875123.96,88115117.51
2021-11-08,2.01,2.143,2.023,2.127,105614212.32,219229982.27
2021-11-09,2.106,2.38,2.127,2.269,253506341.68,574641301.87
2021-11-10,1.936,2.33,2.269,2.1,202211342.6,440216831.88
2021-11-11,2.055,2.153,2.1,2.079,98647718.02,207184972.22
2021-11-12,1.992,2.1,2.079,2.045,120197924.76,245547380.38
2021-11-13,2.022,2.08,2.045,2.051,42826597.1,87817794.96
2021-11-14,2.011,2.07,2.051,2.039,42158618.11,85866196.29
2021-11-15,2.013,2.095,2.039,2.018,51412565.33,105189187.27
2021-11-16,1.763,2.019,2.018,1.876,188038277.19,359761243.2
2021-11-17,1.797,1.894,1.876,1.878,104955877.5,194558189.74
2021-11-18,1.701,1.909,1.878,1.787,132567436.13,240228030.72
2021-11-19,1.74,1.897,1.787,1.865,86268671.58,157571849.82
2021-11-20,1.862,1.958,1.865,1.924,53648297.53,101821211.85
2021-11-21,1.834,1.925,1.924,1.835,43576538.37,81712007.83
2021-11-22,1.759,1.84,1.835,1.778,74910746.24,134665424.27
2021-11-23,1.74,1.817,1.778,1.75,74404786.8,132352081.14
2021-11-24,1.586,1.751,1.75,1.666,171347668.8,283952147.97
2021-11-25,1.621,1.75,1.666,1.676,94887909.83,160630445.88
2021-11-26,1.5,1.686,1.676,1.534,166483229.1,260887803.43
2021-11-27,1.532,1.587,1.534,1.545,54097540.46,84446940.16
2021-11-28,1.419,1.601,1.545,1.595,109992546.04,165737390.75
2021-11-29,1.559,1.638,1.595,1.603,66249360.7,105738668.57
2021-11-30,1.546,1.63,1.603,1.555,88974820.49,140987091.84
2021-12-01,1.533,1.624,1.555,1.548,77605769.37,122605206.04
2021-12-02,1.519,1.761,1.548,1.721,154655834.39,258155682.63
2021-12-03,1.515,1.73,1.721,1.557,106607033.01,173099791.19
2021-12-04,1.29,1.559,1.557,1.421,187356335.42,261575831.96
2021-12-05,1.286,1.437,1.421,1.381,152798056.91,207511635.61
2021-12-06,1.257,1.445,1.381,1.421,166183911.15,221967840.07
2021-12-07,1.366,1.481,1.421,1.38,127989916.2,183366712.0
2021-12-08,1.34,1.425,1.38,1.398,95304030.08,131902787.74
2021-12-09,1.288,1.41,1.398,1.289,103825263.62,139407687.62
2021-12-10,1.206,1.335,1.289,1.212,118841592.75,151892688.14
2021-12-11,1.193,1.362,1.212,1.354,94173182.33,119821048.36
2021-12-12,1.32,1.415,1.354,1.347,59668988.78,81189951.58
2021-12-13,1.2,1.358,1.347,1.225,98106397.37,123419284.57
2021-12-14,1.199,1.285,1.225,1.268,81570351.59,100888298.98
2021-12-15,1.204,1.333,1.268,1.311,92439793.51,116728198.25
2021-12-16,1.235,1.331,1.311,1.24,65894350.28,84830588.61
2021-12-17,1.183,1.259,1.24,1.218,80767778.99,99288294.53
2021-12-18,1.2,1.267,1.218,1.243,50291574.92,62133501.56
2021-12-19,1.24,1.336,1.243,1.244,76568167.66,97765513.09
2021-12-20,1.201,1.261,1.244,1.238,75993396.24,93321367.6
2021-12-21,1.228,1.29,1.238,1.28,52858984.32,66621536.51
2021-12-22,1.276,1.369,1.28,1.328,76621279.5,101655766.87
2021-12-23,1.307,1.49,1.328,1.474,97837178.45,137044365.28
2021-12-24,1.381,1.491,1.474,1.393,57125276.47,82305394.47
2021-12-25,1.381,1.461,1.393,1.454,36451109.19,52121068.13
2021-12-26,1.408,1.468,1.454,1.455,44034751.06,63553125.14
2021-12-27,1.451,1.593,1.455,1.516,71945043.29,110568689.12
2021-12-28,1.376,1.54,1.516,1.4,91040337.2,132722041.92
2021-12-29,1.322,1.438,1.4,1.332,72000436.46,99209530.09
2021-12-30,1.298,1.379,1.332,1.359,62336038.74,83509701.37
2021-12-31,1.28,1.383,1.359,1.308,75388024.82,100341987.69
2022-01-01,1.305,1.38,1.308,1.38,49289114.64,65754928.52
2022-01-02,1.339,1.392,1.38,1.378,36453000.42,49769197.63
2022-01-03,1.309,1.378,1.378,1.319,58617446.81,78505204.96
2022-01-04,1.295,1.352,1.319,1.309,53819778.33,71111353.29
2022-01-05,1.194,1.353,1.309,1.23,88310511.75,113251614.92
2022-01-06,1.186,1.297,1.23,1.279,90174429.48,111179612.83
2022-01-07,1.189,1.285,1.279,1.209,108141294.92,132203940.59
2022-01-08,1.126,1.254,1.209,1.183,92740708.68,109894961.62
2022-01-09,1.147,1.207,1.183,1.171,59700335.46,70398277.53
2022-01-10,1.071,1.181,1.171,1.123,101694291.08,114546592.97
2022-01-11,1.122,1.196,1.123,1.188,65067512.45,75594527.04
2022-01-12,1.187,1.314,1.188,1.313,85297878.78,106914385.51
2022-01-13,1.227,1.355,1.313,1.233,80628269.6,103755110.18
2022-01-14,1.219,1.31,1.233,1.293,75984129.45,95782464.77
2022-01-15,1.252,1.319,1.293,1.292,37195896.2,47718164.35
2022-01-16,1.287,1.424,1.292,1.412,107728818.28,149021952.34
2022-01-17,1.387,1.607,1.412,1.603,213629571.68,321590398.35
2022-01-18,1.41,1.64,1.603,1.459,183970543.14,279251410.25
2022-01-19,1.326,1.535,1.459,1.337,172077538.97,243174585.18
2022-01-20,1.25,1.427,1.337,1.259,167826026.49,225316577.48
2022-01-21,1.101,1.288,1.259,1.121,271617739.0,326792894.85
2022-01-22,0.9235,1.156,1.121,1.071,348461319.5,371119868.59
2022-01-23,1.051,1.17,1.071,1.125,169583905.9,186354588.8
2022-01-24,0.951,1.125,1.125,1.066,266375958.92,272602871.88
2022-01-25,0.9921,1.075,1.066,1.043,130767029.17,135713225.36
2022-01-26,1.023,1.162,1.043,1.078,199849475.05,216863394.49
2022-01-27,1.0,1.081,1.078,1.043,132116784.77,137201820.87
2022-01-28,1.009,1.061,1.043,1.049,101468586.53,105160072.81
2022-01-29,1.038,1.084,1.049,1.06,64040000.44,67960579.93
2022-01-30,1.024,1.078,1.06,1.036,52951023.96,55652958.86
2022-01-31,1.01,1.06,1.036,1.052,92152867.8,95171277.95
2022-02-01,1.035,1.097,1.052,1.097,98210666.33,104345896.65
2022-02-02,1.023,1.103,1.097,1.027,95898313.02,101868525.66
2022-02-03,1.017,1.062,1.027,1.061,81971860.07,85180982.4
2022-02-04,1.046,1.14,1.061,1.14,94160733.28,101994441.01
2022-02-05,1.097,1.179,1.14,1.125,84326261.51,96117636.06
2022-02-06,1.098,1.151,1.125,1.144,51680739.63,58160151.46
2022-02-07,1.126,1.21,1.144,1.199,124118061.44,146716513.08
2022-02-08,1.134,1.264,1.199,1.176,121992201.69,146030677.97
2022-02-09,1.152,1.216,1.176,1.195,81711584.14,97297399.96
2022-02-10,1.145,1.225,1.195,1.151,107350106.87,126916656.93
2022-02-11,1.068,1.164,1.151,1.08,87642915.31,99087994.16
2022-02-12,1.03,1.093,1.08,1.06,72890641.22,77551655.19
2022-02-13,1.033,1.078,1.06,1.043,51536435.45,54322384.11
2022-02-14,1.018,1.055,1.043,1.05,72362397.83,75015119.72
2022-02-15,1.049,1.116,1.05,1.109,74543888.86,80958294.06
2022-02-16,1.066,1.113,1.109,1.083,54445730.81,59235095.08
2022-02-17,1.009,1.094,1.083,1.02,68988678.64,72450415.56
2022-02-18,0.9847,1.043,1.02,0.9958,89958460.07,90983661.58
2022-02-19,0.9739,1.02,0.9958,0.9969,68088237.31,67821429.81
2022-02-20,0.9191,0.9983,0.9969,0.9319,110695765.62,104790170.66
2022-02-21,0.852,0.9925,0.9319,0.8572,166751824.4,155034655.35
2022-02-22,0.8139,0.897,0.8572,0.8881,180901010.23,155078930.8
2022-02-23,0.8633,0.9604,0.8881,0.8664,123863702.09,113142579.62
2022-02-24,0.7474,0.905,0.8664,0.8533,272038766.93,219382545.59
2022-02-25,0.8241,0.91,0.8533,0.8997,110902802.01,96076047.98
2022-02-26,0.8817,0.9304,0.8997,0.8873,62098072.63,56216521.84
2022-02-27,0.8327,0.9152,0.8873,0.8569,73894714.57,64367670.96
2022-02-28,0.8425,0.97,0.8569,0.964,111107630.28,100722152.47
2022-03-01,0.94,1.014,0.964,0.9643,114776263.13,111424177.15
2022-03-02,0.9276,0.9774,0.9643,0.9394,82989773.25,79037740.79
2022-03-03,0.8837,0.946,0.9394,0.9021,71848846.23,65641998.56
2022-03-04,0.827,0.9029,0.9021,0.845,77935061.0,67598390.45
2022-03-05,0.819,0.883,0.845,0.8654,60894863.14,52001580.14
2022-03-06,0.8196,0.872,0.8654,0.823,44560761.31,37582950.23
2022-03-07,0.7774,0.8469,0.823,0.7932,90139187.69,73223550.48
2022-03-08,0.7876,0.8213,0.7932,0.8021,76968078.92,61775640.23
2022-03-09,0.7993,0.8631,0.8021,0.8495,76894258.95,64558666.39
2022-03-10,0.787,0.8541,0.8495,0.807,68905977.69,55887316.43
2022-03-11,0.7826,0.8194,0.807,0.7884,65027956.0,51773871.21
2022-03-12,0.7856,0.8018,0.7884,0.7897,33022861.67,26252790.94
2022-03-13,0.7807,0.8205,0.7897,0.7875,42301143.03,33832425.32
2022-03-14,0.777,0.813,0.7875,0.8028,52058611.92,41468308.68
2022-03-15,0.7828,0.8172,0.8028,0.7992,53954795.63,43080397.97
2022-03-16,0.7941,0.8401,0.7992,0.8393,71653049.89,58417633.96
2022-03-17,0.8283,0.858,0.8393,0.8365,49111358.31,41420187.33
2022-03-18,0.8216,0.86,0.8365,0.852,44879680.43,37678862.64
2022-03-19,0.851,0.9164,0.852,0.903,60987470.78,54115003.88
2022-03-20,0.8643,0.916,0.903,0.879,45508506.95,40370800.71
2022-03-21,0.8631,0.93,0.879,0.9179,62079329.2,56046267.44
2022-03-22,0.908,0.9887,0.9179,0.9753,97598600.51,93371004.07
2022-03-23,0.9575,1.11,0.9753,1.109,202460926.5,210799141.12
2022-03-24,1.081,1.19,1.109,1.131,193713813.56,220958383.29
2022-03-25,1.072,1.167,1.131,1.097,132873384.58,148728358.77
2022-03-26,1.08,1.159,1.097,1.153,79563370.43,89539620.38
2022-03-27,1.105,1.187,1.153,1.185,65698232.45,75328796.27
2022-03-28,1.158,1.246,1.185,1.169,135997282.7,163788333.97
2022-03-29,1.167,1.243,1.169,1.191,91580544.25,110085232.63
2022-03-30,1.163,1.218,1.191,1.191,72542109.26,86313925.18
2022-03-31,1.133,1.229,1.191,1.142,113792571.5,133813970.33
2022-04-01,1.104,1.175,1.142,1.165,86005205.02,98530875.94
2022-04-02,1.148,1.196,1.165,1.156,56929401.1,66806418.89
2022-04-03,1.144,1.2,1.156,1.187,37975600.24,44557348.73
2022-04-04,1.161,1.246,1.187,1.212,99223073.84,119292392.71
2022-04-05,1.164,1.219,1.212,1.171,46540212.42,55678635.51
2022-04-06,1.048,1.173,1.171,1.052,113881413.83,126259670.06
2022-04-07,1.039,1.119,1.052,1.089,65920136.18,70739555.05
2022-04-08,1.019,1.099,1.089,1.024,56214899.06,59873476.41
2022-04-09,1.021,1.048,1.024,1.045,28514755.34,29489597.2
2022-04-10,1.023,1.07,1.045,1.027,26315016.9,27529867.64
2022-04-11,0.917,1.033,1.027,0.9198,96865246.68,93868893.22
2022-04-12,0.9157,0.9836,0.9198,0.9545,62034673.4,58994319.99
2022-04-13,0.9349,0.98,0.9545,0.9748,42399703.88,40683917.14
2022-04-14,0.9228,0.9854,0.9748,0.9325,43026708.65,40899208.41
2022-04-15,0.9293,0.9589,0.9325,0.9553,28173468.12,26729129.65
2022-04-16,0.9374,0.963,0.9553,0.9514,20404445.84,19408372.0
2022-04-17,0.912,0.9625,0.9514,0.9148,22276161.26,20969805.72
2022-04-18,0.8744,0.9382,0.9148,0.9367,55989282.95,50779207.14
2022-04-19,0.9272,0.957,0.9367,0.9524,37109727.38,34906095.05
2022-04-20,0.9309,0.9755,0.9524,0.9367,38968050.56,37022202.52
2022-04-21,0.8922,0.9707,0.9367,0.9102,44769318.8,42028572.87
2022-04-22,0.8908,0.9247,0.9102,0.9064,33248153.72,30241030.29
2022-04-23,0.8821,0.9128,0.9064,0.8873,19985930.03,17930722.09
2022-04-24,0.8772,0.899,0.8873,0.886,21830158.02,19403173.95
2022-04-25,0.8267,0.9033,0.886,0.8975,82681918.97,71358639.81
2022-04-26,0.8166,0.9032,0.8975,0.8259,68556165.01,58445162.29
2022-04-27,0.8192,0.856,0.8259,0.8405,50599655.85,42390865.11
2022-04-28,0.8257,0.8529,0.8405,0.8433,45954221.44,38691242.51
2022-04-29,0.7893,0.8494,0.8433,0.8049,59293875.57,48385932.24
2022-04-30,0.7357,0.818,0.8049,0.7558,64122499.28,50229581.85
2022-05-01,0.7452,0.8002,0.7558,0.7896,63248440.01,48928543.99
2022-05-02,0.7636,0.7971,0.7896,0.7806,51871678.9,40485506.51
2022-05-03,0.76,0.7994,0.7806,0.7711,38400702.49,29978899.87
2022-05-04,0.7676,0.899,0.7711,0.8983,77520421.18,64651318.76
2022-05-05,0.7717,0.9052,0.8983,0.7884,115723919.23,96801395.84
2022-05-06,0.7622,0.7993,0.7884,0.7831,67490054.85,52857331.22
2022-05-07,0.7467,0.7859,0.7831,0.7598,40640754.09,31336516.45
2022-05-08,0.7256,0.7659,0.7598,0.7403,60426094.24,44924360.03
2022-05-09,0.6,0.754,0.7403,0.6018,213158698.35,140772981.14
2022-05-10,0.5829,0.7021,0.6018,0.6283,228989301.33,148666566.31
2022-05-11,0.4685,0.6629,0.6283,0.5161,342149433.32,195885185.05
2022-05-12,0.39,0.55,0.5161,0.4724,302075804.69,141334737.21
2022-05-13,0.4678,0.6069,0.4724,0.5281,194435577.81,107768302.71
2022-05-14,0.4879,0.5565,0.5281,0.5371,90722517.89,47205881.47
2022-05-15,0.5137,0.5999,0.5371,0.598,84872052.79,47388870.53
2022-05-16,0.5436,0.6135,0.598,0.5561,95535959.37,54552144.29
2022-05-17,0.55,0.5996,0.5561,0.577,72285362.28,41515616.28
2022-05-18,0.502,0.5859,0.577,0.5053,87053912.62,46656371.13
2022-05-19,0.4909,0.5464,0.5053,0.5326,73133304.66,38095176.69
2022-05-20,0.5008,0.5442,0.5326,0.5155,83788097.52,43581530.31
2022-05-21,0.5081,0.538,0.5155,0.5279,35235038.17,18522025.22
2022-05-22,0.521,0.5478,0.5279,0.5413,35268821.58,18916493.58
2022-05-23,0.5036,0.5589,0.5413,0.5129,66186218.1,35574276.74
2022-05-24,0.4921,0.5246,0.5129,0.5214,75339598.13,38545295.29
2022-05-25,0.5064,0.532,0.5214,0.5139,54004159.55,27852655.28
2022-05-26,0.461,0.5204,0.5139,0.4785,93075215.4,45501987.72
2022-05-27,0.445,0.4834,0.4785,0.4562,133043424.66,61321557.91
2022-05-28,0.4455,0.4688,0.4562,0.4643,52849651.88,24218101.28
2022-05-29,0.4558,0.4824,0.4643,0.4817,49044435.59,23032428.62
2022-05-30,0.4765,0.5779,0.4817,0.5697,124106255.82,66001388.06
2022-05-31,0.5677,0.689,0.5697,0.6263,285149039.62,179171327.7
2022-06-01,0.5358,0.631,0.6263,0.5515,177094035.07,102478315.58
2022-06-02,0.5483,0.598,0.5515,0.587,172284776.87,98734622.81
2022-06-03,0.5378,0.6049,0.587,0.5595,139199255.07,78745841.36
2022-06-04,0.5441,0.5714,0.5595,0.5662,71995586.42,40229386.96
2022-06-05,0.5532,0.5803,0.5662,0.5669,60750148.0,34426705.29
2022-06-06,0.5646,0.6454,0.5669,0.6087,210508996.97,128813081.58
2022-06-07,0.5706,0.645,0.6087,0.6136,186068687.15,112556320.92
2022-06-08,0.6082,0.6691,0.6136,0.6405,205648690.68,132546941.88
2022-06-09,0.625,0.6573,0.6405,0.6321,123261743.44,78820582.34
2022-06-10,0.5702,0.6356,0.6321,0.5737,162800565.78,96678847.99
2022-06-11,0.5424,0.617,0.5737,0.5535,128541717.65,73678892.51
2022-06-12,0.4885,0.5606,0.5535,0.4899,205234196.08,106728558.44
2022-06-13,0.4357,0.4983,0.4899,0.4636,420794861.6,194884874.24
2022-06-14,0.4352,0.5194,0.4636,0.4828,318530648.97,153003059.33
2022-06-15,0.4478,0.5388,0.4828,0.5343,337929525.92,163896268.02
2022-06-16,0.4666,0.5466,0.5343,0.4756,159798714.81,79912716.45
2022-06-17,0.4708,0.5032,0.4756,0.4868,130456042.27,63706744.04
2022-06-18,0.4201,0.4947,0.4868,0.4544,177741445.98,80806603.59
2022-06-19,0.4352,0.4895,0.4544,0.484,160121553.45,73916692.46
2022-06-20,0.4607,0.5088,0.484,0.4913,127220263.89,62005018.03
2022-06-21,0.4741,0.5105,0.4913,0.4808,147562312.35,73097659.15
2022-06-22,0.4556,0.4809,0.4808,0.4589,101324585.99,47429864.78
2022-06-23,0.456,0.483,0.4589,0.4798,95517872.66,45000785.43
2022-06-24,0.4757,0.5093,0.4798,0.4979,107693989.22,53429048.89
2022-06-25,0.4782,0.5073,0.4979,0.4982,80922089.96,39915188.14
2022-06-26,0.4885,0.5255,0.4982,0.4899,100717982.26,51063962.47
2022-06-27,0.4755,0.5086,0.4899,0.4853,80470059.9,39619988.75
2022-06-28,0.4665,0.4971,0.4853,0.469,94116038.96,45416293.44
2022-06-29,0.4583,0.4767,0.469,0.4658,99795222.69,46654135.91
2022-06-30,0.4343,0.4672,0.4658,0.4598,133610790.89,59626804.14
2022-07-01,0.4422,0.474,0.4598,0.4479,104789409.8,47472363.54
2022-07-02,0.44,0.4609,0.4479,0.4552,47026557.9,21175041.68
2022-07-03,0.4431,0.4593,0.4552,0.4555,42621347.98,19241525.76
2022-07-04,0.4443,0.4755,0.4555,0.469,79064917.25,36270033.86
2022-07-05,0.4442,0.4711,0.469,0.4567,93665693.72,42797888.61
2022-07-06,0.4465,0.4648,0.4567,0.4619,76717864.11,35074559.82
2022-07-07,0.4604,0.4824,0.4619,0.4774,82977614.42,39019758.13
2022-07-08,0.46,0.4927,0.4774,0.4657,93807595.57,44486231.8
2022-07-09,0.4648,0.4847,0.4657,0.4777,61144858.61,29230816.73
2022-07-10,0.4549,0.4797,0.4777,0.4622,57612852.78,26861693.28
2022-07-11,0.4312,0.4626,0.4622,0.4344,85014072.24,38036847.61
2022-07-12,0.415,0.442,0.4344,0.4165,86631925.46,37283429.86
2022-07-13,0.4019,0.44,0.4165,0.4382,165071662.83,69444666.68
2022-07-14,0.4166,0.446,0.4382,0.4414,123803487.34,53393491.52
2022-07-15,0.4326,0.454,0.4414,0.4419,118905264.81,52528339.4
2022-07-16,0.4316,0.4591,0.4419,0.4579,74748917.47,33381179.23
2022-07-17,0.4417,0.4658,0.4579,0.4477,85488286.43,38741982.12
2022-07-18,0.4456,0.4994,0.4477,0.49,220484454.05,105801647.03
2022-07-19,0.4735,0.5268,0.49,0.5151,180163669.68,90117727.0
2022-07-20,0.4866,0.5489,0.5151,0.4911,186813828.01,97080897.32
2022-07-21,0.4751,0.5027,0.4911,0.4996,125477492.58,61248695.4
2022-07-22,0.4775,0.5116,0.4996,0.483,77076475.62,38277523.08
2022-07-23,0.4731,0.5189,0.483,0.5171,91278412.37,44897893.1
2022-07-24,0.5093,0.5366,0.5171,0.512,76056745.41,39615663.8
2022-07-25,0.474,0.5158,0.512,0.4749,84196877.19,41379676.61
2022-07-26,0.4508,0.4775,0.4749,0.4683,109436008.03,50590416.02
2022-07-27,0.4588,0.5124,0.4683,0.5113,130021230.78,63073056.29
2022-07-28,0.4885,0.5242,0.5113,0.5129,128415042.09,65334130.21
2022-07-29,0.5065,0.5455,0.5129,0.5222,163782795.55,86147536.68
2022-07-30,0.5089,0.5558,0.5222,0.5267,127198457.29,67654860.02
2022-07-31,0.5133,0.5444,0.5267,0.5165,79299967.29,41998119.38
2022-08-01,0.5008,0.5268,0.5165,0.5128,73657142.02,37766100.26
2022-08-02,0.4889,0.5158,0.5128,0.4966,76402012.12,38133530.14
2022-08-03,0.4892,0.5172,0.4966,0.5009,56686957.86,28707415.16
2022-08-04,0.4937,0.5112,0.5009,0.4997,51318945.29,25726699.17
2022-08-05,0.4992,0.5194,0.4997,0.5176,53437063.16,27278313.15
2022-08-06,0.5102,0.5235,0.5176,0.5114,43729212.28,22614032.11
2022-08-07,0.5057,0.538,0.5114,0.5277,55952851.31,29170546.28
2022-08-08,0.5229,0.5497,0.5277,0.5372,82410874.17,44291036.58
2022-08-09,0.5054,0.5376,0.5372,0.513,73571840.99,38272321.56
2022-08-10,0.5022,0.539,0.513,0.5376,101692507.84,53233298.79
2022-08-11,0.5287,0.5482,0.5376,0.5306,81011249.38,43706949.75
2022-08-12,0.5209,0.5425,0.5306,0.5407,43356106.54,23062783.81
2022-08-13,0.5381,0.5685,0.5407,0.5598,91708215.92,51037360.84
2022-08-14,0.5571,0.595,0.5598,0.5701,109941071.09,63726928.19
2022-08-15,0.5429,0.582,0.5701,0.5501,87069719.5,48835266.72
2022-08-16,0.5474,0.5701,0.5501,0.5571,65405913.49,36596886.75
2022-08-17,0.5282,0.5828,0.5571,0.5386,128887147.9,71156940.33
2022-08-18,0.5079,0.5442,0.5386,0.5121,64709628.98,34292356.82
2022-08-19,0.4462,0.5121,0.5121,0.4497,215709971.51,101834225.21
2022-08-20,0.435,0.4633,0.4497,0.4513,118338951.44,53601864.38
2022-08-21,0.4467,0.4728,0.4513,0.4624,87197616.01,40095199.28
2022-08-22,0.4373,0.463,0.4624,0.4615,102905847.52,46455460.43
2022-08-23,0.4457,0.47,0.4615,0.466,56056792.35,25774906.6
2022-08-24,0.4535,0.469,0.466,0.4577,58051465.19,26725319.79
2022-08-25,0.4573,0.4741,0.4577,0.4642,70309313.63,32699422.08
2022-08-26,0.4256,0.4822,0.4642,0.4317,160810878.57,73543692.73
2022-08-27,0.4261,0.4515,0.4317,0.45,96183404.43,42305006.95
2022-08-28,0.4273,0.4546,0.45,0.4291,68842127.9,30465083.82
2022-08-29,0.4239,0.453,0.4291,0.4505,73511903.74,32213666.86
2022-08-30,0.4384,0.4631,0.4505,0.453,77922609.97,35093618.86
2022-08-31,0.4434,0.4634,0.453,0.4458,65643310.72,29902023.74
2022-09-01,0.4408,0.4622,0.4458,0.4576,57438151.84,25845225.52
2022-09-02,0.4489,0.4667,0.4576,0.4544,56002138.5,25627921.41
2022-09-03,0.4534,0.486,0.4544,0.4804,84137131.93,39879349.19
2022-09-04,0.4757,0.51,0.4804,0.5035,83991901.6,41678371.62
2022-09-05,0.4823,0.5074,0.5035,0.4987,47264234.63,23306686.79
2022-09-06,0.4598,0.512,0.4987,0.4626,106478736.11,51728021.89
2022-09-07,0.4537,0.4821,0.4626,0.4788,71781911.28,33531510.11
2022-09-08,0.4625,0.4834,0.4788,0.479,57567143.01,27260117.33
2022-09-09,0.4783,0.5049,0.479,0.5022,78117603.88,38551127.38
2022-09-10,0.4947,0.5243,0.5022,0.5124,99159197.72,50958391.05
2022-09-11,0.5,0.5203,0.5124,0.5101,72652927.41,37227338.11
2022-09-12,0.496,0.5203,0.5101,0.5014,93214603.37,47427978.32
2022-09-13,0.4615,0.5094,0.5014,0.4637,97196721.91,46790247.93
2022-09-14,0.462,0.4872,0.4637,0.481,57610407.4,27433025.78
2022-09-15,0.4618,0.4821,0.481,0.466,58572076.47,27597579.69
2022-09-16,0.4541,0.4748,0.466,0.4748,39256149.01,18181531.38
2022-09-17,0.4724,0.4884,0.4748,0.486,32488802.42,15596176.41
2022-09-18,0.4413,0.4901,0.486,0.4478,62646068.73,29147979.1
2022-09-19,0.4329,0.4571,0.4478,0.4526,69318656.73,30732602.45
2022-09-20,0.4374,0.4545,0.4526,0.4423,54954796.94,24389369.94
2022-09-21,0.4254,0.4643,0.4423,0.4389,134775633.52,60395589.78
2022-09-22,0.4345,0.4665,0.4389,0.4583,77236268.36,34890014.54
2022-09-23,0.4459,0.4823,0.4583,0.4617,92108305.5,42308184.07
2022-09-24,0.4503,0.4688,0.4617,0.4511,45698021.67,21047945.15
2022-09-25,0.4385,0.4628,0.4511,0.4463,45009801.99,20334521.61
2022-09-26,0.4366,0.4508,0.4463,0.4471,60414595.03,26848451.59
2022-09-27,0.4373,0.4631,0.4471,0.4412,66072060.64,29810355.78
2022-09-28,0.425,0.4432,0.4412,0.4362,61002336.05,26469006.84
2022-09-29,0.4277,0.4392,0.4362,0.4381,46850869.94,20327957.28
2022-09-30,0.4293,0.4414,0.4381,0.4348,53585544.78,23299940.91
2022-10-01,0.4277,0.4365,0.4348,0.4302,26299691.44,11358951.24
2022-10-02,0.4178,0.4328,0.4302,0.4196,35649535.44,15157156.92
2022-10-03,0.4158,0.4292,0.4196,0.4276,49130901.97,20847006.61
2022-10-04,0.4254,0.4379,0.4276,0.4357,51914587.81,22430807.89
2022-10-05,0.4235,0.4367,0.4357,0.431,53010780.67,22803788.27
2022-10-06,0.4256,0.4371,0.431,0.4287,53057427.34,22887440.84
2022-10-07,0.4216,0.4305,0.4287,0.424,44259600.35,18828068.28
2022-10-08,0.4193,0.427,0.424,0.4221,27835437.15,11810123.25
2022-10-09,0.4191,0.4242,0.4221,0.423,25062255.19,10582884.62
2022-10-10,0.3989,0.4268,0.423,0.4012,65059117.28,26907285.86
2022-10-11,0.3838,0.4014,0.4012,0.3906,101619060.97,40125544.58
2022-10-12,0.376,0.3955,0.3906,0.3813,57657800.34,22395671.07
2022-10-13,0.35,0.3824,0.3813,0.3769,182972223.03,67382985.08
2022-10-14,0.3607,0.3891,0.3769,0.3667,79554702.3,29977072.64
2022-10-15,0.3613,0.3701,0.3667,0.3641,55017512.0,20142483.28
2022-10-16,0.3638,0.3749,0.3641,0.3704,37397604.46,13744360.82
2022-10-17,0.3661,0.376,0.3704,0.3726,35620596.59,13209905.16
2022-10-18,0.3572,0.3744,0.3726,0.3625,49878014.53,18249385.58
2022-10-19,0.3472,0.3625,0.3625,0.3498,53654153.84,19098073.95
2022-10-20,0.3363,0.3558,0.3498,0.3401,61035120.78,21194201.14
2022-10-21,0.33,0.3499,0.3401,0.3492,73357730.14,24909437.89
2022-10-22,0.343,0.3546,0.3492,0.3514,37365069.24,13056663.85
2022-10-23,0.346,0.3639,0.3514,0.3621,48176049.65,17046736.5
2022-10-24,0.3533,0.3652,0.3621,0.3574,45818792.99,16472486.26
2022-10-25,0.3569,0.43,0.3574,0.4001,176294074.18,69570115.45
2022-10-26,0.3946,0.4122,0.4001,0.403,85988411.05,34668962.24
2022-10-27,0.3863,0.419,0.403,0.3883,100247269.92,40364389.21
2022-10-28,0.378,0.4115,0.3883,0.4046,87745797.09,34494758.41
2022-10-29,0.4011,0.44,0.4046,0.4203,102990262.26,42934403.87
2022-10-30,0.3983,0.4217,0.4203,0.4058,79970922.93,32846280.06
2022-10-31,0.3976,0.4164,0.4058,0.4056,92053517.82,37304882.6
2022-11-01,0.3985,0.415,0.4056,0.4012,68110684.21,27670843.57
2022-11-02,0.38,0.4119,0.4012,0.3857,122430580.02,48339475.46
2022-11-03,0.3842,0.3991,0.3857,0.3895,67220180.09,26443759.12
2022-11-04,0.3881,0.4264,0.3895,0.4217,132948636.21,54570947.51
2022-11-05,0.4201,0.4377,0.4217,0.4265,91301311.86,39077344.41
2022-11-06,0.4016,0.4311,0.4265,0.4022,71306547.87,29959834.62
2022-11-07,0.3976,0.4162,0.4022,0.4042,83746287.47,34082432.5
2022-11-08,0.3469,0.4154,0.4042,0.3723,223835906.47,85585634.1
2022-11-09,0.31,0.3763,0.3723,0.3178,244789714.44,85323383.98
2022-11-10,0.3114,0.3774,0.3178,0.3677,171067246.26,60091758.37
2022-11-11,0.3412,0.3731,0.3677,0.3543,86136858.19,30623110.77
2022-11-12,0.3354,0.3558,0.3543,0.3392,64755509.05,22216430.64
2022-11-13,0.3249,0.3449,0.3392,0.3292,77009190.83,25709290.72
2022-11-14,0.3138,0.3413,0.3292,0.3318,97378390.54,31786519.61
2022-11-15,0.3287,0.3443,0.3318,0.3369,64058192.43,21583185.77
2022-11-16,0.3235,0.344,0.3369,0.3316,56066300.83,18667895.03
2022-11-17,0.3183,0.3342,0.3316,0.3248,48285607.37,15727655.55
2022-11-18,0.3203,0.3323,0.3248,0.3257,39411239.95,12891179.86
2022-11-19,0.3211,0.332,0.3257,0.3277,27998888.12,9120614.48
2022-11-20,0.3094,0.331,0.3277,0.3117,44043918.73,14039382.41
2022-11-21,0.2953,0.3131,0.3117,0.3043,88892166.9,27043365.2
2022-11-22,0.2978,0.3165,0.3043,0.3122,71047280.64,21835846.56
2022-11-23,0.3088,0.32,0.3122,0.3181,51919656.6,16346533.83
2022-11-24,0.3112,0.3209,0.3181,0.3159,33854065.7,10699092.88
2022-11-25,0.3073,0.317,0.3159,0.3145,29235243.48,9148469.31
2022-11-26,0.3108,0.3226,0.3145,0.3136,29717971.69,9431253.6
2022-11-27,0.3113,0.3194,0.3136,0.3125,23633843.54,7465237.56
2022-11-28,0.3,0.3138,0.3125,0.3064,47784035.68,14601012.64
2022-11-29,0.3041,0.3126,0.3064,0.309,38450136.12,11873115.46
2022-11-30,0.3083,0.3209,0.309,0.3189,80156344.56,25231341.3
2022-12-01,0.3125,0.32,0.3189,0.3145,40710908.58,12861712.2
2022-12-02,0.3106,0.32,0.3145,0.3191,36471907.05,11513393.31
2022-12-03,0.3163,0.3263,0.3191,0.3196,33541478.47,10778143.48
2022-12-04,0.3183,0.3242,0.3196,0.3224,29672274.55,9541750.77
2022-12-05,0.3163,0.329,0.3224,0.3195,32172197.99,10384247.07
2022-12-06,0.3137,0.321,0.3195,0.3183,23766244.27,7535951.01
2022-12-07,0.307,0.3198,0.3183,0.3104,45113907.3,14041081.35
2022-12-08,0.3073,0.3158,0.3104,0.3145,35852946.71,11151749.97
2022-12-09,0.3086,0.3166,0.3145,0.3119,34884859.22,10907335.42
2022-12-10,0.3106,0.3149,0.3119,0.3126,17595891.77,5498000.97
2022-12-11,0.3053,0.315,0.3126,0.3075,25938218.05,8071877.74
2022-12-12,0.3007,0.308,0.3075,0.307,41836057.63,12748951.02
2022-12-13,0.2995,0.32,0.307,0.3141,72266791.39,22324465.83
2022-12-14,0.3052,0.3156,0.3141,0.308,68384816.07,21228271.82
2022-12-15,0.2967,0.3086,0.308,0.3003,43907915.78,13259405.16
2022-12-16,0.2588,0.3013,0.3003,0.2637,114873516.96,32424307.94
2022-12-17,0.2589,0.268,0.2637,0.2677,104082618.83,27443585.55
2022-12-18,0.263,0.2719,0.2677,0.2661,54386944.64,14518127.14
2022-12-19,0.2499,0.2695,0.2661,0.253,70960345.5,18379345.6
2022-12-20,0.2513,0.2622,0.253,0.2587,53477721.92,13768283.04
2022-12-21,0.2479,0.2593,0.2587,0.2534,63495351.65,16054675.29
2022-12-22,0.2467,0.2569,0.2534,0.2567,47948281.17,12096014.26
2022-12-23,0.2554,0.264,0.2567,0.2594,54372893.87,14082521.25
2022-12-24,0.2566,0.2604,0.2594,0.2591,26159718.34,6762956.03
2022-12-25,0.2545,0.2599,0.2591,0.2591,33934053.37,8740796.43
2022-12-26,0.2576,0.2656,0.2591,0.2652,45070109.07,11781570.83
2022-12-27,0.256,0.2664,0.2652,0.2603,41499368.9,10842362.77
2022-12-28,0.2466,0.2609,0.2603,0.2483,68340889.43,17237346.29
2022-12-29,0.24,0.2483,0.2483,0.2438,81298871.61,19867600.57
2022-12-30,0.2391,0.2461,0.2438,0.2455,76417019.03,18574435.2
2022-12-31,0.2439,0.2519,0.2455,0.2457,58978495.61,14568104.24
2023-01-01,0.2434,0.25,0.2457,0.2499,41827853.23,10295721.12
2023-01-02,0.2465,0.2564,0.2499,0.2537,50527869.06,12774173.33
2023-01-03,0.2501,0.2553,0.2537,0.2527,41866222.45,10583746.8
2023-01-04,0.2518,0.2705,0.2527,0.2679,82755299.49,21858319.69
2023-01-05,0.2632,0.2712,0.2679,0.2692,38557862.85,10289658.08
2023-01-06,0.2671,0.2798,0.2692,0.2786,80345060.1,21915417.21
2023-01-07,0.2723,0.2805,0.2786,0.2768,37151555.81,10257167.52
2023-01-08,0.2743,0.299,0.2768,0.2974,88623342.1,25395555.86
2023-01-09,0.2956,0.3462,0.2974,0.3167,200729006.27,64386187.64
2023-01-10,0.3067,0.3251,0.3167,0.3224,110490892.33,35071542.63
2023-01-11,0.3076,0.3235,0.3224,0.3231,78260220.84,24684618.05
2023-01-12,0.3156,0.335,0.3231,0.3295,118913409.16,38776668.01
2023-01-13,0.3237,0.3511,0.3295,0.3455,81060206.73,27062711.68
2023-01-14,0.3319,0.37,0.3455,0.3526,143089561.06,50590542.76
2023-01-15,0.3387,0.354,0.3526,0.3508,62006290.48,21523486.94
2023-01-16,0.3378,0.364,0.3508,0.3505,75625282.65,26617424.42
2023-01-17,0.343,0.3576,0.3505,0.3457,50014673.18,17545244.04
2023-01-18,0.3232,0.3555,0.3457,0.3266,92925231.95,31571005.09
2023-01-19,0.3257,0.3434,0.3266,0.3381,41398900.82,13815435.2
2023-01-20,0.3336,0.3657,0.3381,0.3651,76429750.12,26669926.93
2023-01-21,0.3574,0.3809,0.3651,0.3688,101590417.93,37436952.43
2023-01-22,0.363,0.3871,0.3688,0.3765,92499127.81,34946124.69
2023-01-23,0.3686,0.3837,0.3765,0.375,76055031.39,28571366.2
2023-01-24,0.355,0.383,0.375,0.3589,55934770.37,20892363.02
2023-01-25,0.3471,0.3797,0.3589,0.3733,64081426.08,23038342.35
2023-01-26,0.3712,0.3891,0.3733,0.3796,80317514.46,30464656.75
2023-01-27,0.3678,0.3911,0.3796,0.3899,63443244.73,24122881.92
2023-01-28,0.3775,0.3983,0.3899,0.3819,62996292.57,24419245.68
2023-01-29,0.3768,0.3991,0.3819,0.3975,59661306.95,23277616.07
2023-01-30,0.3655,0.3983,0.3975,0.3725,81100225.13,30879180.75
2023-01-31,0.3684,0.4,0.3725,0.3902,71463320.47,27441409.71
2023-02-01,0.3714,0.4018,0.3902,0.397,81562495.84,31411491.85
2023-02-02,0.3923,0.4137,0.397,0.3981,97031795.11,39170478.87
2023-02-03,0.3944,0.4072,0.3981,0.4037,61895283.15,24867046.44
2023-02-04,0.3975,0.4056,0.4037,0.3995,36660548.82,14736441.2
2023-02-05,0.382,0.402,0.3995,0.3926,59152147.87,23192708.47
2023-02-06,0.3796,0.4034,0.3926,0.3824,63572773.26,24876982.86
2023-02-07,0.3815,0.3999,0.3824,0.3991,57615545.71,22428080.24
2023-02-08,0.3855,0.404,0.3991,0.3944,54769048.92,21711458.98
2023-02-09,0.3542,0.3958,0.3944,0.3621,99677007.56,37552446.75
2023-02-10,0.3539,0.3657,0.3621,0.3582,76188468.0,27484499.25
2023-02-11,0.3569,0.3703,0.3582,0.3686,50564319.34,18278866.17
2023-02-12,0.3596,0.3738,0.3686,0.3641,47753326.95,17595341.81
2023-02-13,0.3454,0.3658,0.3641,0.3596,72672943.38,25774401.73
2023-02-14,0.3548,0.3936,0.3596,0.387,97580260.82,36571986.17
2023-02-15,0.382,0.4207,0.387,0.4204,96156573.66,38285465.0
2023-02-16,0.3864,0.4221,0.4204,0.3874,87297280.69,35344069.87
2023-02-17,0.3855,0.4099,0.3874,0.4035,55766526.66,22237706.29
2023-02-18,0.3979,0.4185,0.4035,0.406,39596048.16,16059956.17
2023-02-19,0.397,0.4125,0.406,0.3995,54786149.64,22174304.31
2023-02-20,0.3893,0.4097,0.3995,0.4036,57729271.05,23310396.31
2023-02-21,0.3852,0.4061,0.4036,0.3927,62123242.12,24594083.41
2023-02-22,0.3769,0.393,0.3927,0.3889,69050613.59,26524900.31
2023-02-23,0.3795,0.3951,0.3889,0.3823,44904438.16,17371326.89
2023-02-24,0.3583,0.3857,0.3823,0.3659,67974663.37,25334236.31
2023-02-25,0.3516,0.3677,0.3659,0.362,52882212.97,19068874.24
2023-02-26,0.3577,0.3703,0.362,0.3691,40653684.87,14765352.1
2023-02-27,0.3576,0.3702,0.3691,0.3646,40099540.25,14598191.92
2023-02-28,0.3486,0.3681,0.3646,0.3519,35940677.35,12902111.48
2023-03-01,0.3493,0.3644,0.3519,0.3602,52128084.32,18725412.19
2023-03-02,0.3445,0.3614,0.3602,0.3505,51609783.18,18124806.62
2023-03-03,0.321,0.3508,0.3505,0.3432,89709916.21,30091001.81
2023-03-04,0.3308,0.3448,0.3432,0.3367,12106254.6,4129789.72
2023-03-05,0.3345,0.3431,0.3367,0.3369,24257465.24,8209604.33
2023-03-06,0.3292,0.3387,0.3369,0.3306,50846368.3,16930495.99
2023-03-07,0.3208,0.3349,0.3306,0.3305,52223396.49,17167891.02
2023-03-08,0.3134,0.3327,0.3305,0.3176,58427756.87,18859739.87
2023-03-09,0.303,0.3221,0.3176,0.3104,103410711.75,32231083.26
2023-03-10,0.2977,0.319,0.3104,0.316,120724611.87,37172704.14
2023-03-11,0.3034,0.327,0.316,0.3074,77546565.07,24309618.33
2023-03-12,0.3037,0.3336,0.3074,0.3325,59882829.78,18894519.85
2023-03-13,0.328,0.3538,0.3325,0.345,88617947.65,30291564.1
2023-03-14,0.3375,0.3695,0.345,0.3445,116086725.77,41098262.04
2023-03-15,0.3166,0.3484,0.3445,0.3255,83509162.13,27791793.6
2023-03-16,0.3184,0.33,0.3255,0.3255,73663474.47,23924034.01
2023-03-17,0.3219,0.3511,0.3255,0.3503,66051150.55,22233466.97
2023-03-18,0.3359,0.3579,0.3503,0.3381,50634033.74,17608778.51
2023-03-19,0.3376,0.3536,0.3381,0.3457,39438934.02,13670510.87
2023-03-20,0.3317,0.3472,0.3457,0.3336,49008848.05,16670596.12
2023-03-21,0.3305,0.3877,0.3336,0.3708,74462386.16,26722914.56
2023-03-22,0.3499,0.3882,0.3708,0.3605,103488613.03,38385271.62
2023-03-23,0.3544,0.3861,0.3605,0.3724,58029751.18,21565873.26
2023-03-24,0.3556,0.3734,0.3724,0.3602,54482221.21,19756898.41
2023-03-25,0.3491,0.3633,0.3602,0.3518,20704056.67,7382406.87
2023-03-26,0.349,0.3617,0.3518,0.3562,22062490.92,7851828.08
2023-03-27,0.3369,0.3576,0.3562,0.3458,36440893.69,12650201.15
2023-03-28,0.3429,0.3703,0.3458,0.3683,35787169.76,12732321.19
2023-03-29,0.3667,0.3899,0.3683,0.3811,66639110.21,25486014.26
2023-03-30,0.3697,0.389,0.3811,0.3762,52912138.93,19979465.02
2023-03-31,0.3742,0.4093,0.3762,0.3991,65387326.89,25902064.84
2023-04-01,0.3884,0.4029,0.3991,0.3921,27000626.37,10635639.19
2023-04-02,0.3761,0.3932,0.3921,0.3818,27353119.87,10487871.35
2023-04-03,0.3711,0.4049,0.3818,0.3871,70703925.87,27528554.18
2023-04-04,0.3846,0.4001,0.3871,0.3897,43921357.06,17231084.15
2023-04-05,0.387,0.4003,0.3897,0.3923,32645693.45,12866249.96
2023-04-06,0.3766,0.3923,0.3923,0.3833,31984480.43,12283826.37
2023-04-07,0.3761,0.3875,0.3833,0.3839,22345678.67,8523456.33
2023-04-08,0.3807,0.3906,0.3839,0.3857,17751685.48,6869491.25
2023-04-09,0.3845,0.3936,0.3857,0.3897,19839518.91,7712929.37
2023-04-10,0.385,0.3981,0.3897,0.3973,32211265.79,12585791.3
2023-04-11,0.396,0.4134,0.3973,0.4021,63925567.36,25866820.67
2023-04-12,0.3892,0.4069,0.4021,0.4051,50598491.45,20212591.89
2023-04-13,0.4,0.4293,0.4051,0.4256,68237333.65,28346095.2
2023-04-14,0.4234,0.4446,0.4256,0.4385,102969891.75,44836945.26
2023-04-15,0.4315,0.4625,0.4385,0.4528,77941493.43,35107099.49
2023-04-16,0.4426,0.4582,0.4528,0.4516,44067256.25,19833550.51
2023-04-17,0.4315,0.4519,0.4516,0.4345,61659278.01,27137849.67
2023-04-18,0.428,0.4482,0.4345,0.4436,52706940.99,23235708.98
2023-04-19,0.4076,0.4436,0.4436,0.4164,101172341.94,42741893.52
2023-04-20,0.3956,0.4223,0.4164,0.4006,63637423.82,26091794.19
2023-04-21,0.3789,0.4072,0.4006,0.3824,74640209.56,29362118.02
2023-04-22,0.3811,0.399,0.3824,0.3957,24476996.16,9592186.65
2023-04-23,0.38,0.3958,0.3957,0.3889,20787087.77,8070724.45
2023-04-24,0.3795,0.3976,0.3889,0.3837,20855491.18,8078215.19
2023-04-25,0.3763,0.3954,0.3837,0.3948,27696961.18,10636090.89
2023-04-26,0.3782,0.4173,0.3948,0.4015,46069451.91,18431579.37
2023-04-27,0.401,0.4186,0.4015,0.4102,31356347.87,12853631.84
2023-04-28,0.3971,0.4111,0.4102,0.4048,22942352.5,9275944.91
2023-04-29,0.4,0.408,0.4048,0.4026,13043017.63,5269249.34
2023-04-30,0.3949,0.4152,0.4026,0.3959,17083755.62,6890157.76
2023-05-01,0.3803,0.3983,0.3959,0.3868,24888074.04,9648194.46
2023-05-02,0.3814,0.395,0.3868,0.392,23207370.87,9018777.58
2023-05-03,0.3785,0.3965,0.392,0.3942,32767826.91,12644941.35
2023-05-04,0.3851,0.3965,0.3942,0.3876,17070943.75,6670610.31
2023-05-05,0.3825,0.3973,0.3876,0.3947,25315764.99,9912749.39
2023-05-06,0.3742,0.3971,0.3947,0.3797,24891834.44,9548966.47
2023-05-07,0.3745,0.3838,0.3797,0.3765,17453308.38,6635473.04
2023-05-08,0.3539,0.38,0.3765,0.3658,43660237.27,16048838.71
2023-05-09,0.36,0.3708,0.3658,0.3636,28002172.29,10199382.53
2023-05-10,0.3547,0.3735,0.3636,0.3695,60043988.52,22022033.03
2023-05-11,0.35,0.3699,0.3695,0.3602,41908953.83,14995794.31
2023-05-12,0.3535,0.371,0.3602,0.3707,40893955.71,14795819.04
2023-05-13,0.3625,0.3712,0.3707,0.3648,14563250.37,5329425.79
2023-05-14,0.3628,0.3732,0.3648,0.3711,13066873.16,4812160.06
2023-05-15,0.366,0.376,0.3711,0.367,22989417.48,8528648.41
2023-05-16,0.3616,0.3708,0.367,0.3684,31819401.74,11670980.47
2023-05-17,0.3646,0.3805,0.3684,0.3757,46769068.08,17399629.72
2023-05-18,0.3658,0.3803,0.3757,0.3713,36022878.31,13473180.18
2023-05-19,0.3661,0.3731,0.3713,0.3683,18270186.12,6749518.33
2023-05-20,0.3636,0.3685,0.3683,0.3665,13629163.77,4980426.17
2023-05-21,0.3572,0.3677,0.3665,0.3604,14976247.57,5418537.47
2023-05-22,0.3564,0.3742,0.3604,0.3678,25386242.89,9313603.06
2023-05-23,0.3659,0.3755,0.3678,0.3703,21659415.59,8024861.97
2023-05-24,0.3602,0.3706,0.3703,0.364,25950583.82,9460761.58
2023-05-25,0.3551,0.3648,0.364,0.3581,24478737.2,8769031.92
2023-05-26,0.3537,0.3671,0.3581,0.3629,30096759.27,10836255.72
2023-05-27,0.3608,0.3675,0.3629,0.3668,12828524.43,4674103.25
2023-05-28,0.3662,0.3849,0.3668,0.3827,29802528.36,11200769.37
2023-05-29,0.3756,0.3864,0.3827,0.3788,28352936.3,10769367.59
2023-05-30,0.3748,0.3834,0.3788,0.378,23710444.12,8986221.87
2023-05-31,0.3702,0.3809,0.378,0.3744,32067912.19,12021928.23
2023-06-01,0.361,0.3759,0.3744,0.3645,35693037.18,13068981.19
2023-06-02,0.362,0.3795,0.3645,0.3783,24288376.53,9086734.51
2023-06-03,0.3731,0.3783,0.3783,0.3762,9243289.36,3475200.58
2023-06-04,0.3748,0.382,0.3762,0.3774,12996473.03,4938314.35
2023-06-05,0.347,0.3792,0.3774,0.3516,48095983.73,17181614.67
2023-06-06,0.3364,0.357,0.3516,0.3531,45175234.22,15789412.24
2023-06-07,0.3177,0.3556,0.3531,0.3222,75761781.55,25123449.45
2023-06-08,0.32,0.3309,0.3222,0.3229,26393499.94,8568626.38
2023-06-09,0.29,0.3239,0.3229,0.295,80811253.75,24783194.91
2023-06-10,0.23,0.2952,0.295,0.275,166563855.34,42946177.19
2023-06-11,0.2591,0.28,0.275,0.2721,42220034.19,11345413.3
2023-06-12,0.2651,0.2865,0.2721,0.2748,35199292.24,9739602.62
2023-06-13,0.2683,0.2895,0.2748,0.2752,41473486.77,11491167.82
2023-06-14,0.2565,0.2775,0.2752,0.2633,32046579.98,8641780.21
2023-06-15,0.2522,0.266,0.2633,0.2618,33721613.5,8720299.11
2023-06-16,0.2533,0.2673,0.2618,0.263,24328147.59,6349305.11
2023-06-17,0.2605,0.2735,0.263,0.2667,16474258.35,4392160.72
2023-06-18,0.2589,0.269,0.2667,0.2609,12903424.33,3418046.24
2023-06-19,0.257,0.2635,0.2609,0.2632,15309301.19,3988185.76
2023-06-20,0.2522,0.2708,0.2632,0.2707,33589259.97,8788087.22
2023-06-21,0.2687,0.2891,0.2707,0.2863,47952480.77,13498210.73
2023-06-22,0.2857,0.305,0.2863,0.29,39279081.74,11605966.57
2023-06-23,0.2869,0.3028,0.29,0.2968,31599113.84,9353772.48
2023-06-24,0.2845,0.2977,0.2968,0.2896,18927525.21,5523736.91
2023-06-25,0.2886,0.3051,0.2896,0.2923,19791612.32,5844501.69
2023-06-26,0.2759,0.2923,0.2923,0.2807,24749233.98,7052067.22
2023-06-27,0.2785,0.2897,0.2807,0.2868,23649136.19,6714075.03
2023-06-28,0.2602,0.2872,0.2868,0.2669,37113062.52,10151323.19
2023-06-29,0.2664,0.2782,0.2669,0.275,18466014.22,5056400.72
2023-06-30,0.2673,0.2997,0.275,0.2868,42558965.55,12160421.17
2023-07-01,0.2811,0.2935,0.2868,0.2925,19137008.06,5515919.62
2023-07-02,0.2853,0.2937,0.2925,0.2918,13533067.56,3922499.07
2023-07-03,0.2904,0.2995,0.2918,0.2967,22247964.31,6549779.23
2023-07-04,0.2893,0.3018,0.2967,0.2924,19697217.97,5821996.75
2023-07-05,0.28,0.2964,0.2924,0.284,19283335.56,5534185.33
2023-07-06,0.2763,0.2938,0.284,0.2785,24400227.54,6932883.76
2023-07-07,0.2761,0.2854,0.2785,0.2847,17571067.55,4964065.77
2023-07-08,0.2817,0.2933,0.2847,0.2907,19260441.57,5540268.15
2023-07-09,0.2831,0.2918,0.2907,0.2846,14648259.93,4202446.58
2023-07-10,0.2782,0.291,0.2846,0.2896,16405844.99,4677737.1
